{
  "carbon_cells":[
    [1, 2, 3, 32, 31, 30],
    [3, 4, 5, 34, 33, 32],
    [5, 6, 7, 8, 35, 34],
    [8, 9, 10, 37, 36, 35],
    [10, 11, 12, 13, 38, 37],
    [13, 14, 15, 40, 39, 38],
    [15, 16, 17, 18, 41, 40],
    [18, 19, 20, 43, 42, 41],
    [20 ,21, 22, 23, 44, 43],
    [23, 24, 25, 46, 45, 44],
    [25, 26, 27, 28, 47, 46],
    [28, 29, 30, 31, 48, 47]
  ],
  "hydrogen_cells":[
    [19, 20, 21, 22, 23, 24]
  ],
  "carbon_atoms": {
    "1": {
      "neighbors": [ 30, 2, 1 ],
      "type": [ 0, 0, 1 ],
      "position": [ 2.598076211353316, 1.5 ],
      "cells":[1, 12]
    },
    "2": {
      "neighbors": [ 3, 2, 1 ],
      "type": [ 0, 1, 0 ],
      "position": [ 3.464101615137755, 1 ],
      "cells":[1]
    },
    "3": {
      "neighbors": [ 32, 4, 2 ],
      "type": [ 0, 0, 0 ],
      "position": [ 4.330127018922194, 1.5 ],
      "cells":[1, 2]
    },
    "4": {
      "neighbors": [ 5, 3, 3 ],
      "type": [ 0, 1, 0 ],
      "position": [ 5.196152422706632, 1 ],
      "cells":[2]
    },
    "5": {
      "neighbors": [ 34, 6, 4 ],
      "type": [ 0, 0, 0 ],
      "position": [ 6.06217782649107, 1.5 ],
      "cells":[2, 3]
    },
    "6": {
      "neighbors": [ 7, 4, 5 ],
      "type": [ 0, 1, 0 ],
      "position": [ 6.928203230275509, 1 ],
      "cells":[3]
    },
    "7": {
      "neighbors": [ 8, 5, 6 ],
      "type": [ 0, 1, 0 ],
      "position": [ 7.794228634059947, 1.5 ],
      "cells":[3]
    },
    "8": {
      "neighbors": [ 9, 7, 35 ],
      "type": [ 0, 0, 0 ],
      "position": [ 7.794228634059947, 2.5 ],
      "cells":[3, 4]
    },
    "9": {
      "neighbors": [ 10, 6, 8 ],
      "type": [ 0, 1, 0 ],
      "position": [ 8.660254037844386, 3 ],
      "cells":[4]
    },
    "10": {
      "neighbors": [ 11, 9, 37 ],
      "type": [ 0, 0, 0 ],
      "position": [ 8.660254037844386, 4 ],
      "cells":[4, 5]
    },
    "11": {
      "neighbors": [ 12, 7, 10 ],
      "type": [ 0, 1, 0 ],
      "position": [ 9.526279441628825, 4.5 ],
      "cells":[5]
    },
    "12": {
      "neighbors": [ 8, 11, 13 ],
      "type": [ 1, 0, 0 ],
      "position": [ 9.526279441628825, 5.5 ],
      "cells":[5]
    },
    "13": {
      "neighbors": [ 14, 12, 38 ],
      "type": [ 0, 0, 0 ],
      "position": [ 8.660254037844386, 6 ],
      "cells":[5, 6]
    },
    "14": {
      "neighbors": [ 9, 13, 15 ],
      "type": [ 1, 0, 0 ],
      "position": [ 8.660254037844386, 7 ],
      "cells":[6]
    },
    "15": {
      "neighbors": [ 16, 14, 40 ],
      "type": [ 0, 0, 0 ],
      "position": [ 7.794228634059947, 7.5 ],
      "cells":[6, 7]
    },
    "16": {
      "neighbors": [ 10, 15, 17 ],
      "type": [ 1, 0, 0 ],
      "position": [ 7.794228634059947, 8.5 ],
      "cells":[7]
    },
    "17": {
      "neighbors": [ 11, 16, 18 ],
      "type": [ 1, 0, 0 ],
      "position": [ 6.928203230275509, 9 ],
      "cells":[7]
    },
    "18": {
      "neighbors": [ 17, 41, 19 ],
      "type": [ 0, 0, 0 ],
      "position": [ 6.06217782649107, 8.5 ],
      "cells":[7, 8]
    },
    "19": {
      "neighbors": [ 12, 18, 20 ],
      "type": [ 1, 0, 0 ],
      "position": [ 5.196152422706632, 9 ],
      "cells":[8]
    },
    "20": {
      "neighbors": [ 19, 43, 21 ],
      "type": [ 0, 0, 0 ],
      "position": [ 4.330127018922194, 8.5 ],
      "cells":[8, 9]
    },
    "21": {
      "neighbors": [ 13, 20, 22 ],
      "type": [ 1, 0, 0 ],
      "position": [ 3.464101615137755, 9 ],
      "cells":[9]
    },
    "22": {
      "neighbors": [ 21, 23, 14 ],
      "type": [ 0, 0, 1 ],
      "position": [ 2.598076211353316, 8.5 ],
      "cells":[9]
    },
    "23": {
      "neighbors": [ 22, 44, 24 ],
      "type": [ 0, 0, 0 ],
      "position": [ 2.598076211353316, 7.5 ],
      "cells":[9, 10]
    },
    "24": {
      "neighbors": [ 23, 25, 15 ],
      "type": [ 0, 0, 1 ],
      "position": [ 1.7320508075688772, 7 ],
      "cells":[10]
    },
    "25": {
      "neighbors": [ 24, 46, 26 ],
      "type": [ 0, 0, 0 ],
      "position": [ 1.7320508075688772, 6 ],
      "cells":[10, 11]
    },
    "26": {
      "neighbors": [ 25, 27, 16 ],
      "type": [ 0, 0, 1 ],
      "position": [ 0.8660254037844385, 5.5 ],
      "cells":[11]
    },
    "27": {
      "neighbors": [ 26, 28, 17 ],
      "type": [ 0, 0, 1 ],
      "position": [ 0.8660254037844385, 4.5 ],
      "cells":[11]
    },
    "28": {
      "neighbors": [ 47, 29, 27 ],
      "type": [ 0, 0, 0 ],
      "position": [ 1.7320508075688772, 4 ],
      "cells":[11, 12]
    },
    "29": {
      "neighbors": [ 28, 30, 18 ],
      "type": [ 0, 0, 1 ],
      "position": [ 1.7320508075688772, 3 ],
      "cells":[12]
    },
    "30": {
      "neighbors": [ 31, 1, 29 ],
      "type": [ 0, 0, 0 ],
      "position": [ 2.598076211353316, 2.5 ],
      "cells":[12, 1]
    },
    "31": {
      "neighbors": [ 48, 32, 30 ],
      "type": [ 0, 0, 0 ],
      "position": [ 3.464101615137755, 3 ],
      "cells":[12, 1]
    },
    "32": {
      "neighbors": [ 33, 3, 31 ],
      "type": [ 0, 0, 0 ],
      "position": [ 4.330127018922194, 2.5 ],
      "cells":[1, 2]
    },
    "33": {
      "neighbors": [ 19, 34, 32 ],
      "type": [ 1, 0, 0 ],
      "position": [ 5.196152422706632, 3 ],
      "cells":[2]
    },
    "34": {
      "neighbors": [ 35, 5, 33 ],
      "type": [ 0, 0, 0 ],
      "position": [ 6.06217782649107, 2.5 ],
      "cells":[2, 3]
    },
    "35": {
      "neighbors": [ 36, 8, 34 ],
      "type": [ 0, 0, 0 ],
      "position": [ 6.928203230275509, 3 ],
      "cells":[3, 4]
    },
    "36": {
      "neighbors": [ 37, 35, 20 ],
      "type": [ 0, 0, 1 ],
      "position": [ 6.928203230275509, 4 ],
      "cells":[4]
    },
    "37": {
      "neighbors": [ 38, 10, 36 ],
      "type": [ 0, 0, 0 ],
      "position": [ 7.794228634059947, 4.5 ],
      "cells":[4,5]
    },
    "38": {
      "neighbors": [ 13, 37, 39 ],
      "type": [ 0, 0, 0 ],
      "position": [ 7.794228634059947, 5.5 ],
      "cells":[5,6]
    },
    "39": {
      "neighbors": [ 40, 38, 21 ],
      "type": [ 0, 0, 1 ],
      "position": [ 6.928203230275509, 6 ],
      "cells":[6]
    },
    "40": {
      "neighbors": [ 15, 39, 41 ],
      "type": [ 0, 0, 0 ],
      "position": [ 6.928203230275509, 7 ],
      "cells":[6,7]
    },
    "41": {
      "neighbors": [ 18, 40, 42 ],
      "type": [ 0, 0, 0 ],
      "position": [ 6.06217782649107, 7.5 ],
      "cells":[7,8]
    },
    "42": {
      "neighbors": [ 41, 22, 43 ],
      "type": [ 0, 1, 0 ],
      "position": [ 5.196152422706632, 7 ],
      "cells":[8]
    },
    "43": {
      "neighbors": [ 20, 42, 44 ],
      "type": [ 0, 0, 0 ],
      "position": [ 4.330127018922194, 7.5 ],
      "cells":[8, 9]
    },
    "44": {
      "neighbors": [ 43, 45, 23 ],
      "type": [ 0, 0, 0 ],
      "position": [ 3.464101615137755, 7 ],
      "cells":[9,10]
    },
    "45": {
      "neighbors": [ 44, 23, 46 ],
      "type": [ 0, 1, 0 ],
      "position": [ 3.464101615137755, 6 ],
      "cells":[10]
    },
    "46": {
      "neighbors": [ 45, 47, 25 ],
      "type": [ 0, 0, 0 ],
      "position": [ 2.598076211353316, 5.5 ],
      "cells":[10,11]
    },
    "47": {
      "neighbors": [ 46, 48, 28 ],
      "type": [ 0, 0, 0 ],
      "position": [ 2.598076211353316, 4.5 ],
      "cells":[11,12]
    },
    "48": {
      "neighbors": [ 24, 31, 47 ],
      "type": [ 1, 0, 0 ],
      "position": [ 3.464101615137755, 4 ],
      "cells":[12]
    }
  },
  "hydrogen_atoms": {
    "1": {
      "neighbors": [ 1 ],
      "position": [ 1.7320508075688772, 1 ]
    },
    "2": {
      "neighbors": [ 2 ],
      "position": [ 3.464101615137755, 0 ]
    },
    "3": {
      "neighbors": [ 4 ],
      "position": [ 5.196152422706632, 0 ]
    },
    "4": {
      "neighbors": [ 6 ],
      "position": [ 6.928203230275509, 0 ]
    },
    "5": {
      "neighbors": [ 7 ],
      "position": [ 8.660254037844386, 1 ]
    },
    "6": {
      "neighbors": [ 9 ],
      "position": [ 9.526279441628825, 2.5 ]
    },
    "7": {
      "neighbors": [ 11 ],